Algorithm,Heuristic,CPUTime (milliseconds),Initial State,Goal State,Optimal sol cost,Level 0 nodes Generated,Level 0 nodes Expanded,Level 0 nodes Evaluated,Level 1 nodes Generated,Level 1 nodes Expanded,Level 1 nodes Evaluated,Level 2 nodes Generated,Level 2 nodes Expanded,Level 2 nodes Evaluated,Level 3 nodes Generated,Level 3 nodes Expanded,Level 3 nodes Evaluated,Level 4 nodes Generated,Level 4 nodes Expanded,Level 4 nodes Evaluated,Level 5 nodes Generated,Level 5 nodes Expanded,Level 5 nodes Evaluated,Level 6 nodes Generated,Level 6 nodes Expanded,Level 6 nodes Evaluated,Level 7 nodes Generated,Level 7 nodes Expanded,Level 7 nodes Evaluated,Level 8 nodes Generated,Level 8 nodes Expanded,Level 8 nodes Evaluated,Level 9 nodes Generated,Level 9 nodes Expanded,Level 9 nodes Evaluated,Level 10 nodes Generated,Level 10 nodes Expanded,Level 10 nodes Evaluated,Level 11 nodes Generated,Level 11 nodes Expanded,Level 11 nodes Evaluated,Level 12 nodes Generated,Level 12 nodes Expanded,Level 12 nodes Evaluated,Level 13 nodes Generated,Level 13 nodes Expanded,Level 13 nodes Evaluated,Level 14 nodes Generated,Level 14 nodes Expanded,Level 14 nodes Evaluated,Level 15 nodes Generated,Level 15 nodes Expanded,Level 15 nodes Evaluated,Level 16 nodes Generated,Level 16 nodes Expanded,Level 16 nodes Evaluated,Level 17 nodes Generated,Level 17 nodes Expanded,Level 17 nodes Evaluated,Level 18 nodes Generated,Level 18 nodes Expanded,Level 18 nodes Evaluated,Level 19 nodes Generated,Level 19 nodes Expanded,Level 19 nodes Evaluated,Level 20 nodes Generated,Level 20 nodes Expanded,Level 20 nodes Evaluated,Level 21 nodes Generated,Level 21 nodes Expanded,Level 21 nodes Evaluated,Level 22 nodes Generated,Level 22 nodes Expanded,Level 22 nodes Evaluated,Level 23 nodes Generated,Level 23 nodes Expanded,Level 23 nodes Evaluated,Level 24 nodes Generated,Level 24 nodes Expanded,Level 24 nodes Evaluated,Level 25 nodes Generated,Level 25 nodes Expanded,Level 25 nodes Evaluated,Total nodes Generated,Total nodes Expanded,Total nodes Evaluated
A*,Man,535.0,634810752,123456780,25,0,0,0,3,1,4,46,17,47,229,86,230,233,88,234,240,90,241,254,95,255,836,313,837,2136,797,2137,3068,1143,3069,3074,1146,3075,3080,1148,3081,3084,1150,3085,3090,1152,3091,5390,2018,5391,5398,2021,5399,5406,2024,5407,5413,2027,5414,5423,2030,5424,5430,2033,5431,5437,2036,5438,5447,2039,5448,5461,2044,5462,5473,2049,5474,5482,2052,5483,5491,2055,5492,5497,2057,5498
A*,Man-1,681.0,634810752,123456780,25,0,0,0,3,1,4,46,17,47,229,86,230,233,88,234,240,90,241,254,95,255,836,313,837,2136,797,2137,3068,1143,3069,3074,1146,3075,3080,1148,3081,3084,1150,3085,3090,1152,3091,5390,2018,5391,5398,2021,5399,5406,2024,5407,5413,2027,5414,5423,2030,5424,5430,2033,5431,5437,2036,5438,5447,2039,5448,5461,2044,5462,5473,2049,5474,5482,2052,5483,5491,2055,5492,8922,3359,8923
A*,Misplaced,17164.0,634810752,123456780,25,0,0,0,3,1,4,9,3,10,24,9,25,76,28,77,123,46,124,138,52,139,241,88,242,251,92,252,1467,544,1468,2356,872,2357,2361,874,2362,3908,1447,3909,5859,2165,5860,7774,2877,7775,12104,4514,12105,18049,6689,18050,36044,13432,36045,53754,20025,53755,53760,20027,53761,53766,20029,53767,63414,23619,63415,63419,23621,63420,63424,23623,63425,63431,23625,63432,63439,23628,63440,63439,23628,63440
A#,Man,179.0,634810752,123456780,25,0,0,0,3,1,4,46,17,47,229,86,230,233,88,234,240,90,241,254,95,255,836,313,837,2136,797,2137,3068,1143,3069,3074,1146,3075,3080,1148,3081,3084,1150,3085,3090,1152,3091,5390,2018,5391,5398,2021,5399,5406,2024,5407,5413,2027,5414,5423,2030,5424,5430,2033,5431,5437,2036,5438,5447,2039,5448,5461,2044,5462,5473,2049,5474,5482,2052,5483,5491,2054,5491,5491,2054,5491
A#,Man-1,148.0,634810752,123456780,25,0,0,0,3,1,4,46,17,47,229,86,230,233,88,234,240,90,241,254,95,255,836,313,837,2136,797,2137,3068,1143,3069,3074,1146,3075,3080,1148,3081,3084,1150,3085,3090,1152,3091,5390,2018,5391,5398,2021,5399,5406,2024,5407,5413,2027,5414,5423,2030,5424,5430,2033,5431,5437,2036,5438,5447,2039,5448,5461,2044,5462,5473,2049,5474,5482,2052,5483,8922,3358,8922,8922,3358,8922
A#,Misplaced,10151.0,634810752,123456780,25,0,0,0,3,1,4,9,3,10,24,9,25,76,28,77,123,46,124,138,52,139,241,88,242,251,92,252,1467,544,1468,2356,872,2357,2361,874,2362,3908,1447,3909,5859,2165,5860,7774,2877,7775,12104,4514,12105,18049,6689,18050,36044,13432,36045,53754,20025,53755,53760,20027,53761,53766,20029,53767,63414,23619,63415,63419,23621,63420,63424,23623,63425,63431,23625,63432,63439,23627,63439,63439,23627,63439
A*,Man,413.0,634820715,123456780,25,0,0,0,3,1,4,41,15,42,208,78,209,214,80,215,220,82,221,227,84,228,237,88,238,919,345,920,928,348,929,936,351,937,945,355,946,954,358,955,962,361,963,2319,865,2320,2324,867,2325,3334,1254,3335,5401,2021,5402,5407,2024,5408,5414,2027,5415,5422,2030,5423,5431,2033,5432,5439,2036,5440,5446,2039,5447,5455,2042,5456,5462,2045,5463,5467,2047,5468
A*,Man-1,796.0,634820715,123456780,25,0,0,0,3,1,4,41,15,42,208,78,209,214,80,215,220,82,221,227,84,228,237,88,238,919,345,920,928,348,929,936,351,937,945,355,946,954,358,955,962,361,963,2319,865,2320,2324,867,2325,3334,1254,3335,5401,2021,5402,5407,2024,5408,5414,2027,5415,5422,2030,5423,5431,2033,5432,5439,2036,5440,5446,2039,5447,5455,2042,5456,5462,2045,5463,8905,3338,8906
A*,Misplaced,26660.0,634820715,123456780,25,0,0,0,3,1,4,9,3,10,39,14,40,65,24,66,70,26,71,134,49,135,244,88,245,589,220,590,594,222,595,600,224,601,605,226,606,1265,469,1266,1627,605,1628,1980,731,1981,5003,1854,5004,10826,4034,10827,26366,9840,26367,42833,15945,42834,66262,24709,66263,69400,25919,69401,69406,25921,69407,69410,25923,69411,69415,25925,69416,69422,25927,69423,69429,25930,69430,69429,25930,69430
A#,Man,55.0,634820715,123456780,25,0,0,0,3,1,4,41,15,42,208,78,209,214,80,215,220,82,221,227,84,228,237,88,238,919,345,920,928,348,929,936,351,937,945,355,946,954,358,955,962,361,963,2319,865,2320,2324,867,2325,3334,1254,3335,5401,2021,5402,5407,2024,5408,5414,2027,5415,5422,2030,5423,5431,2033,5432,5439,2036,5440,5446,2039,5447,5455,2042,5456,5462,2044,5462,5462,2044,5462
A#,Man-1,161.0,634820715,123456780,25,0,0,0,3,1,4,41,15,42,208,78,209,214,80,215,220,82,221,227,84,228,237,88,238,919,345,920,928,348,929,936,351,937,945,355,946,954,358,955,962,361,963,2319,865,2320,2324,867,2325,3334,1254,3335,5401,2021,5402,5407,2024,5408,5414,2027,5415,5422,2030,5423,5431,2033,5432,5439,2036,5440,5446,2039,5447,5455,2042,5456,8902,3336,8902,8902,3336,8902
A#,Misplaced,15551.0,634820715,123456780,25,0,0,0,3,1,4,9,3,10,39,14,40,65,24,66,70,26,71,134,49,135,244,88,245,589,220,590,594,222,595,600,224,601,605,226,606,1265,469,1266,1627,605,1628,1980,731,1981,5003,1854,5004,10826,4034,10827,26366,9840,26367,42833,15945,42834,66262,24709,66263,69400,25919,69401,69406,25921,69407,69410,25923,69411,69415,25925,69416,69422,25927,69423,69429,25929,69429,69429,25929,69429
A*,Man,470.0,407318526,123456780,25,0,0,0,3,1,4,7,2,8,24,9,25,131,50,132,137,52,138,286,107,287,305,114,306,314,118,315,324,122,325,332,126,333,345,130,346,357,134,358,366,138,367,1071,403,1072,3481,1306,3482,3487,1308,3488,4251,1591,4252,5858,2198,5859,5864,2200,5865,5870,2203,5871,5876,2205,5877,5880,2207,5881,5886,2209,5887,5893,2211,5894,5898,2213,5899,5902,2214,5903
A*,Man-1,494.0,407318526,123456780,25,0,0,0,3,1,4,7,2,8,24,9,25,131,50,132,137,52,138,286,107,287,305,114,306,314,118,315,324,122,325,332,126,333,345,130,346,357,134,358,366,138,367,1071,403,1072,3481,1306,3482,3487,1308,3488,4251,1591,4252,5858,2198,5859,5864,2200,5865,5870,2203,5871,5876,2205,5877,5880,2207,5881,5886,2209,5887,5893,2211,5894,5898,2213,5899,6943,2614,6944
A*,Misplaced,25968.0,407318526,123456780,25,0,0,0,3,1,4,7,2,8,30,11,31,34,13,35,82,30,83,204,75,205,345,129,346,394,148,395,410,154,411,514,191,515,1408,524,1409,1442,536,1443,2696,1002,2697,8408,3132,8409,20908,7792,20909,32726,12194,32727,47215,17581,47216,56581,21137,56582,62773,23440,62774,66024,24662,66025,67331,25158,67332,67335,25160,67336,67855,25359,67856,67862,25361,67863,68090,25443,68091,68090,25443,68091
A#,Man,62.0,407318526,123456780,25,0,0,0,3,1,4,7,2,8,24,9,25,131,50,132,137,52,138,286,107,287,305,114,306,314,118,315,324,122,325,332,126,333,345,130,346,357,134,358,366,138,367,1071,403,1072,3481,1306,3482,3487,1308,3488,4251,1591,4252,5858,2198,5859,5864,2200,5865,5870,2203,5871,5876,2205,5877,5880,2207,5881,5886,2209,5887,5893,2211,5894,5898,2212,5898,5898,2212,5898
A#,Man-1,89.0,407318526,123456780,25,0,0,0,3,1,4,7,2,8,24,9,25,131,50,132,137,52,138,286,107,287,305,114,306,314,118,315,324,122,325,332,126,333,345,130,346,357,134,358,366,138,367,1071,403,1072,3481,1306,3482,3487,1308,3488,4251,1591,4252,5858,2198,5859,5864,2200,5865,5870,2203,5871,5876,2205,5877,5880,2207,5881,5886,2209,5887,5893,2211,5894,6943,2613,6943,6943,2613,6943
A#,Misplaced,14111.0,407318526,123456780,25,0,0,0,3,1,4,7,2,8,30,11,31,34,13,35,82,30,83,204,75,205,345,129,346,394,148,395,410,154,411,514,191,515,1408,524,1409,1442,536,1443,2696,1002,2697,8408,3132,8409,20908,7792,20909,32726,12194,32727,47215,17581,47216,56581,21137,56582,62773,23440,62774,66024,24662,66025,67331,25158,67332,67335,25160,67336,67855,25359,67856,67862,25361,67863,68090,25442,68090,68090,25442,68090
A*,Man,827.0,862075413,123456780,25,0,0,0,3,1,4,5,2,6,63,23,64,207,77,208,367,137,368,715,270,716,724,273,725,745,280,746,764,288,765,785,296,786,801,302,802,807,304,808,815,307,816,849,321,850,856,323,857,863,325,864,868,327,869,873,329,874,2130,796,2131,8602,3234,8603,8611,3237,8612,8619,3241,8620,8628,3244,8629,8639,3247,8640,8648,3250,8649,8654,3252,8655
A*,Man-1,732.0,862075413,123456780,25,0,0,0,3,1,4,5,2,6,63,23,64,207,77,208,367,137,368,715,270,716,724,273,725,745,280,746,764,288,765,785,296,786,801,302,802,807,304,808,815,307,816,849,321,850,856,323,857,863,325,864,868,327,869,873,329,874,2130,796,2131,8602,3234,8603,8611,3237,8612,8619,3241,8620,8628,3244,8629,8639,3247,8640,8648,3250,8649,9414,3542,9415
A*,Misplaced,34803.0,862075413,123456780,25,0,0,0,3,1,4,5,2,6,12,4,13,31,11,32,126,46,127,197,73,198,367,138,368,671,249,672,1015,380,1016,1697,636,1698,1846,690,1847,1949,726,1950,3343,1250,3344,4844,1800,4845,4854,1803,4855,4865,1806,4866,4873,1809,4874,4881,1812,4882,16856,6300,16857,38207,14285,38208,76949,28750,76950,76959,28754,76960,76970,28758,76971,76983,28763,76984,76994,28767,76995,76994,28767,76995
A#,Man,181.0,862075413,123456780,25,0,0,0,3,1,4,5,2,6,63,23,64,207,77,208,367,137,368,715,270,716,724,273,725,745,280,746,764,288,765,785,296,786,801,302,802,807,304,808,815,307,816,849,321,850,856,323,857,863,325,864,868,327,869,873,329,874,2130,796,2131,8602,3234,8603,8611,3237,8612,8619,3241,8620,8628,3244,8629,8639,3247,8640,8648,3249,8648,8648,3249,8648
A#,Man-1,315.0,862075413,123456780,25,0,0,0,3,1,4,5,2,6,63,23,64,207,77,208,367,137,368,715,270,716,724,273,725,745,280,746,764,288,765,785,296,786,801,302,802,807,304,808,815,307,816,849,321,850,856,323,857,863,325,864,868,327,869,873,329,874,2130,796,2131,8602,3234,8603,8611,3237,8612,8619,3241,8620,8628,3244,8629,8639,3247,8640,9414,3541,9414,9414,3541,9414
A#,Misplaced,22829.0,862075413,123456780,25,0,0,0,3,1,4,5,2,6,12,4,13,31,11,32,126,46,127,197,73,198,367,138,368,671,249,672,1015,380,1016,1697,636,1698,1846,690,1847,1949,726,1950,3343,1250,3344,4844,1800,4845,4854,1803,4855,4865,1806,4866,4873,1809,4874,4881,1812,4882,16856,6300,16857,38207,14285,38208,76949,28750,76950,76959,28754,76960,76970,28758,76971,76983,28763,76984,76994,28766,76994,76994,28766,76994
A*,Man,63.0,674058132,123456780,25,0,0,0,3,1,4,16,6,17,22,8,23,30,11,31,35,13,36,49,18,50,118,44,119,122,46,123,128,48,129,193,75,194,199,77,200,287,107,288,843,322,844,849,325,850,855,327,856,1223,464,1224,1234,468,1235,1245,472,1246,1262,479,1263,1275,483,1276,1284,487,1285,1292,490,1293,1301,493,1302,1313,496,1314,1328,501,1329,1338,506,1339
A*,Man-1,146.0,674058132,123456780,25,0,0,0,3,1,4,16,6,17,22,8,23,30,11,31,35,13,36,49,18,50,118,44,119,122,46,123,128,48,129,193,75,194,199,77,200,287,107,288,843,322,844,849,325,850,855,327,856,1223,464,1224,1234,468,1235,1245,472,1246,1262,479,1263,1275,483,1276,1284,487,1285,1292,490,1293,1301,493,1302,1313,496,1314,1328,501,1329,3351,1266,3352
A*,Misplaced,31145.0,674058132,123456780,25,0,0,0,3,1,4,17,6,18,22,8,23,29,11,30,64,24,65,77,28,78,147,53,148,290,108,291,499,186,500,569,212,570,2779,1033,2780,3527,1307,3528,4121,1529,4122,6747,2505,6748,6753,2507,6754,17524,6533,17525,30728,11452,30729,43286,16075,43287,43291,16077,43292,43297,16079,43298,77669,29033,77670,77676,29036,77677,77684,29039,77685,77697,29043,77698,77706,29046,77707,77706,29046,77707
A#,Man,4.0,674058132,123456780,25,0,0,0,3,1,4,16,6,17,22,8,23,30,11,31,35,13,36,49,18,50,118,44,119,122,46,123,128,48,129,193,75,194,199,77,200,287,107,288,843,322,844,849,325,850,855,327,856,1223,464,1224,1234,468,1235,1245,472,1246,1262,479,1263,1275,483,1276,1284,487,1285,1292,490,1293,1301,493,1302,1313,496,1314,1328,500,1328,1328,500,1328
A#,Man-1,21.0,674058132,123456780,25,0,0,0,3,1,4,16,6,17,22,8,23,30,11,31,35,13,36,49,18,50,118,44,119,122,46,123,128,48,129,193,75,194,199,77,200,287,107,288,843,322,844,849,325,850,855,327,856,1223,464,1224,1234,468,1235,1245,472,1246,1262,479,1263,1275,483,1276,1284,487,1285,1292,490,1293,1301,493,1302,1313,496,1314,3351,1265,3351,3351,1265,3351
A#,Misplaced,21498.0,674058132,123456780,25,0,0,0,3,1,4,17,6,18,22,8,23,29,11,30,64,24,65,77,28,78,147,53,148,290,108,291,499,186,500,569,212,570,2779,1033,2780,3527,1307,3528,4121,1529,4122,6747,2505,6748,6753,2507,6754,17524,6533,17525,30728,11452,30729,43286,16075,43287,43291,16077,43292,43297,16079,43298,77669,29033,77670,77676,29036,77677,77684,29039,77685,77697,29043,77698,77706,29045,77706,77706,29045,77706
A*,Man,232.0,678024135,123456780,25,0,0,0,3,1,4,5,2,6,10,4,11,14,5,15,19,7,20,107,41,108,525,198,526,580,217,581,2987,1125,2988,2994,1127,2995,2999,1129,3000,3004,1131,3005,3013,1135,3014,3020,1137,3021,3028,1140,3029,3032,1142,3033,3037,1144,3038,3042,1146,3043,3047,1148,3048,3053,1150,3054,3058,1152,3059,3066,1155,3067,3071,1157,3072,3078,1159,3079,3085,1161,3086,3088,1162,3089
A*,Man-1,116.0,678024135,123456780,25,0,0,0,3,1,4,5,2,6,10,4,11,14,5,15,19,7,20,107,41,108,525,198,526,580,217,581,2987,1125,2988,2994,1127,2995,2999,1129,3000,3004,1131,3005,3013,1135,3014,3020,1137,3021,3028,1140,3029,3032,1142,3033,3037,1144,3038,3042,1146,3043,3047,1148,3048,3053,1150,3054,3058,1152,3059,3066,1155,3067,3071,1157,3072,3078,1159,3079,3085,1161,3086,3746,1420,3747
A*,Misplaced,14080.0,678024135,123456780,25,0,0,0,3,1,4,5,2,6,24,9,25,36,13,37,49,19,50,99,38,100,189,70,190,304,112,305,955,356,956,1666,622,1667,2438,911,2439,3157,1176,3158,3162,1178,3163,5478,2041,5479,8762,3269,8763,20394,7609,20395,20400,7611,20401,20404,7613,20405,20410,7615,20411,20418,7617,20419,21879,8171,21880,21884,8173,21885,53238,19857,53239,53246,19859,53247,59905,22310,59906,59905,22310,59906
A#,Man,15.0,678024135,123456780,25,0,0,0,3,1,4,5,2,6,10,4,11,14,5,15,19,7,20,107,41,108,525,198,526,580,217,581,2987,1125,2988,2994,1127,2995,2999,1129,3000,3004,1131,3005,3013,1135,3014,3020,1137,3021,3028,1140,3029,3032,1142,3033,3037,1144,3038,3042,1146,3043,3047,1148,3048,3053,1150,3054,3058,1152,3059,3066,1155,3067,3071,1157,3072,3078,1159,3079,3085,1160,3085,3085,1160,3085
A#,Man-1,27.0,678024135,123456780,25,0,0,0,3,1,4,5,2,6,10,4,11,14,5,15,19,7,20,107,41,108,525,198,526,580,217,581,2987,1125,2988,2994,1127,2995,2999,1129,3000,3004,1131,3005,3013,1135,3014,3020,1137,3021,3028,1140,3029,3032,1142,3033,3037,1144,3038,3042,1146,3043,3047,1148,3048,3053,1150,3054,3058,1152,3059,3066,1155,3067,3071,1157,3072,3078,1159,3079,3743,1418,3743,3743,1418,3743
A#,Misplaced,7502.0,678024135,123456780,25,0,0,0,3,1,4,5,2,6,24,9,25,36,13,37,49,19,50,99,38,100,189,70,190,304,112,305,955,356,956,1666,622,1667,2438,911,2439,3157,1176,3158,3162,1178,3163,5478,2041,5479,8762,3269,8763,20394,7609,20395,20400,7611,20401,20404,7613,20405,20410,7615,20411,20418,7617,20419,21879,8171,21880,21884,8173,21885,53238,19857,53239,53246,19859,53247,59905,22309,59905,59905,22309,59905
A*,Man,413.0,806273451,123456780,25,0,0,0,3,1,4,65,25,66,70,27,71,74,29,75,271,102,272,277,104,278,288,108,289,433,162,434,439,164,440,443,166,444,449,168,450,457,170,458,930,348,931,2336,869,2337,2341,871,2342,6833,2570,6834,6840,2572,6841,6848,2575,6849,6855,2578,6856,6860,2580,6861,6867,2582,6868,6872,2584,6873,6877,2586,6878,6883,2588,6884,6889,2590,6890,6895,2592,6896
A*,Man-1,623.0,806273451,123456780,25,0,0,0,3,1,4,65,25,66,70,27,71,74,29,75,271,102,272,277,104,278,288,108,289,433,162,434,439,164,440,443,166,444,449,168,450,457,170,458,930,348,931,2336,869,2337,2341,871,2342,6833,2570,6834,6840,2572,6841,6848,2575,6849,6855,2578,6856,6860,2580,6861,6867,2582,6868,6872,2584,6873,6877,2586,6878,6883,2588,6884,6889,2590,6890,8726,3279,8727
A*,Misplaced,19419.0,806273451,123456780,25,0,0,0,3,1,4,9,3,10,14,5,15,19,7,20,63,24,64,104,39,105,280,105,281,365,138,366,608,227,609,650,242,651,656,244,657,1073,400,1074,1789,663,1790,1794,665,1795,4410,1642,4411,10055,3761,10056,27185,10134,27186,39921,14916,39922,61196,22906,61197,66122,24736,66123,66128,24738,66129,66136,24741,66137,66142,24743,66143,68262,25551,68263,69086,25866,69087,69086,25866,69087
A#,Man,90.0,806273451,123456780,25,0,0,0,3,1,4,65,25,66,70,27,71,74,29,75,271,102,272,277,104,278,288,108,289,433,162,434,439,164,440,443,166,444,449,168,450,457,170,458,930,348,931,2336,869,2337,2341,871,2342,6833,2570,6834,6840,2572,6841,6848,2575,6849,6855,2578,6856,6860,2580,6861,6867,2582,6868,6872,2584,6873,6877,2586,6878,6883,2588,6884,6889,2589,6889,6889,2589,6889
A#,Man-1,192.0,806273451,123456780,25,0,0,0,3,1,4,65,25,66,70,27,71,74,29,75,271,102,272,277,104,278,282,106,283,290,109,291,299,113,300,304,115,305,309,117,310,500,185,501,506,187,507,510,189,511,517,191,518,1511,564,1512,4140,1551,4141,4146,1553,4147,7258,2730,7259,7262,2732,7263,7268,2734,7269,7272,2736,7273,7278,2738,7279,7284,2740,7285,8723,3277,8723,8723,3277,8723
A#,Misplaced,13831.0,806273451,123456780,25,0,0,0,3,1,4,9,3,10,14,5,15,19,7,20,63,24,64,104,39,105,280,105,281,365,138,366,608,227,609,650,242,651,656,244,657,1073,400,1074,1789,663,1790,1794,665,1795,4410,1642,4411,10055,3761,10056,27185,10134,27186,39921,14916,39922,61196,22906,61197,66122,24736,66123,66128,24738,66129,66136,24741,66137,66142,24743,66143,68262,25551,68263,69086,25865,69086,69086,25865,69086
A*,Man,139.0,617480235,123456780,25,0,0,0,3,1,4,37,14,38,50,19,51,67,26,68,256,97,257,286,109,287,292,111,293,302,114,303,313,118,314,327,124,328,336,128,337,341,130,342,346,132,347,352,134,353,364,138,365,760,284,761,1986,747,1987,3210,1213,3211,3215,1215,3216,3220,1217,3221,3226,1219,3227,3232,1221,3233,3238,1223,3239,3244,1225,3245,3249,1227,3250,3252,1228,3253
A*,Man-1,262.0,617480235,123456780,25,0,0,0,3,1,4,37,14,38,50,19,51,67,26,68,256,97,257,286,109,287,292,111,293,302,114,303,313,118,314,327,124,328,336,128,337,341,130,342,346,132,347,352,134,353,364,138,365,760,284,761,1986,747,1987,3210,1213,3211,3215,1215,3216,3220,1217,3221,3226,1219,3227,3232,1221,3233,3238,1223,3239,3244,1225,3245,3249,1227,3250,4378,1663,4379
A*,Misplaced,19863.0,617480235,123456780,25,0,0,0,3,1,4,9,3,10,20,7,21,56,21,57,103,39,104,229,84,230,243,89,244,465,172,466,681,257,682,686,259,687,1805,672,1806,2800,1039,2801,2806,1041,2807,2813,1043,2814,3811,1414,3812,3815,1416,3816,9769,3644,9770,22362,8351,22363,24226,9037,24227,24230,9039,24231,24235,9041,24236,25408,9489,25409,60351,22527,60352,60357,22529,60358,63474,23683,63475,63474,23683,63475
A#,Man,15.0,617480235,123456780,25,0,0,0,3,1,4,37,14,38,50,19,51,67,26,68,256,97,257,286,109,287,292,111,293,302,114,303,313,118,314,327,124,328,336,128,337,341,130,342,346,132,347,352,134,353,364,138,365,760,284,761,1986,747,1987,3210,1213,3211,3215,1215,3216,3220,1217,3221,3226,1219,3227,3232,1221,3233,3238,1223,3239,3244,1225,3245,3249,1226,3249,3249,1226,3249
A#,Man-1,38.0,617480235,123456780,25,0,0,0,3,1,4,37,14,38,50,19,51,67,26,68,256,97,257,286,109,287,292,111,293,302,114,303,313,118,314,327,124,328,336,128,337,341,130,342,346,132,347,352,134,353,364,138,365,760,284,761,1986,747,1987,3210,1213,3211,3215,1215,3216,3220,1217,3221,3226,1219,3227,3232,1221,3233,3238,1223,3239,3244,1225,3245,4378,1662,4378,4378,1662,4378
A#,Misplaced,8999.0,617480235,123456780,25,0,0,0,3,1,4,9,3,10,20,7,21,56,21,57,103,39,104,229,84,230,243,89,244,465,172,466,681,257,682,686,259,687,1805,672,1806,2800,1039,2801,2806,1041,2807,2813,1043,2814,3811,1414,3812,3815,1416,3816,9769,3644,9770,22362,8351,22363,24226,9037,24227,24230,9039,24231,24235,9041,24236,25408,9489,25409,60351,22527,60352,60357,22529,60358,63474,23682,63474,63474,23682,63474
A*,Man,248.0,876025134,123456780,25,0,0,0,3,1,4,5,2,6,10,4,11,14,5,15,17,6,18,111,42,112,116,44,117,138,53,139,299,113,300,305,115,306,311,117,312,316,119,317,325,123,326,332,125,333,337,127,338,343,130,344,760,287,761,3006,1127,3007,3012,1129,3013,3117,1168,3118,3124,1170,3125,3129,1172,3130,3134,1174,3135,3140,1176,3141,3324,1246,3325,3328,1247,3329
A*,Man-1,403.0,876025134,123456780,25,0,0,0,3,1,4,5,2,6,10,4,11,14,5,15,17,6,18,111,42,112,116,44,117,138,53,139,299,113,300,305,115,306,311,117,312,316,119,317,325,123,326,332,125,333,337,127,338,343,130,344,760,287,761,3006,1127,3007,3012,1129,3013,3117,1168,3118,3124,1170,3125,3129,1172,3130,3134,1174,3135,3140,1176,3141,3324,1246,3325,6407,2416,6408
A*,Misplaced,11608.0,876025134,123456780,25,0,0,0,3,1,4,5,2,6,30,11,31,38,14,39,60,23,61,132,50,133,180,67,181,342,126,343,919,345,920,1691,634,1692,2598,965,2599,2605,968,2606,2612,971,2613,4443,1645,4444,5234,1951,5235,5241,1954,5242,15316,5727,15317,46428,17293,46429,55617,20782,55618,55626,20786,55627,55631,20788,55632,55635,20790,55636,55642,20792,55643,55650,20794,55651,55655,20796,55656,55655,20796,55656
A#,Man,21.0,876025134,123456780,25,0,0,0,3,1,4,5,2,6,10,4,11,14,5,15,17,6,18,111,42,112,116,44,117,138,53,139,299,113,300,305,115,306,311,117,312,316,119,317,325,123,326,332,125,333,337,127,338,343,130,344,760,287,761,3006,1127,3007,3012,1129,3013,3117,1168,3118,3124,1170,3125,3129,1172,3130,3134,1174,3135,3140,1176,3141,3324,1245,3324,3324,1245,3324
A#,Man-1,78.0,876025134,123456780,25,0,0,0,3,1,4,5,2,6,10,4,11,14,5,15,17,6,18,111,42,112,116,44,117,138,53,139,299,113,300,305,115,306,311,117,312,316,119,317,325,123,326,332,125,333,337,127,338,343,130,344,760,287,761,3006,1127,3007,3012,1129,3013,3117,1168,3118,3124,1170,3125,3129,1172,3130,3134,1174,3135,3140,1176,3141,6407,2415,6407,6407,2415,6407
A#,Misplaced,8279.0,876025134,123456780,25,0,0,0,3,1,4,5,2,6,30,11,31,38,14,39,60,23,61,132,50,133,180,67,181,342,126,343,919,345,920,1691,634,1692,2598,965,2599,2605,968,2606,2612,971,2613,4443,1645,4444,5234,1951,5235,5241,1954,5242,15316,5727,15317,46428,17293,46429,55617,20782,55618,55626,20786,55627,55631,20788,55632,55635,20790,55636,55642,20792,55643,55650,20794,55651,55655,20795,55655,55655,20795,55655
A*,Man,609.0,605234817,123456780,25,0,0,0,3,1,4,7,2,8,12,4,13,22,8,23,28,10,29,34,13,35,39,15,40,43,16,44,49,18,50,58,22,59,64,24,65,71,26,72,478,180,479,483,182,484,1455,546,1456,4085,1518,4086,7368,2760,7369,7373,2762,7374,7378,2764,7379,7383,2766,7384,7390,2768,7391,7395,2770,7396,7402,2773,7403,7409,2775,7410,7414,2777,7415,7417,2778,7418
A*,Man-1,377.0,605234817,123456780,25,0,0,0,3,1,4,7,2,8,12,4,13,22,8,23,28,10,29,34,13,35,39,15,40,43,16,44,49,18,50,58,22,59,64,24,65,71,26,72,478,180,479,483,182,484,1455,546,1456,4085,1518,4086,7368,2760,7369,7373,2762,7374,7378,2764,7379,7383,2766,7384,7390,2768,7391,7395,2770,7396,7402,2773,7403,7409,2775,7410,7414,2777,7415,8539,3207,8540
A*,Misplaced,15618.0,605234817,123456780,25,0,0,0,3,1,4,11,4,12,17,6,18,51,19,52,100,37,101,105,39,106,395,146,396,701,263,702,1211,452,1212,1440,540,1441,2649,988,2650,3994,1494,3995,5463,2041,5464,5472,2044,5473,13669,5103,13670,19085,7110,19086,35927,13439,35928,35934,13442,35935,65539,24486,65540,65544,24488,65545,65549,24490,65550,68803,25726,68804,68808,25728,68809,68814,25730,68815,69946,26167,69947,69946,26167,69947
A#,Man,95.0,605234817,123456780,25,0,0,0,3,1,4,7,2,8,12,4,13,22,8,23,28,10,29,34,13,35,39,15,40,43,16,44,49,18,50,58,22,59,64,24,65,71,26,72,478,180,479,483,182,484,1455,546,1456,4085,1518,4086,7368,2760,7369,7373,2762,7374,7378,2764,7379,7383,2766,7384,7390,2768,7391,7395,2770,7396,7402,2773,7403,7409,2775,7410,7414,2776,7414,7414,2776,7414
A#,Man-1,170.0,605234817,123456780,25,0,0,0,3,1,4,7,2,8,12,4,13,22,8,23,28,10,29,34,13,35,39,15,40,43,16,44,49,18,50,58,22,59,64,24,65,71,26,72,478,180,479,483,182,484,1455,546,1456,4085,1518,4086,7368,2760,7369,7373,2762,7374,7378,2764,7379,7383,2766,7384,7390,2768,7391,7395,2770,7396,7402,2773,7403,7409,2775,7410,8539,3206,8539,8539,3206,8539
A#,Misplaced,11574.0,605234817,123456780,25,0,0,0,3,1,4,11,4,12,17,6,18,51,19,52,100,37,101,105,39,106,395,146,396,701,263,702,1211,452,1212,1440,540,1441,2649,988,2650,3994,1494,3995,5463,2041,5464,5472,2044,5473,13669,5103,13670,19085,7110,19086,35927,13439,35928,35934,13442,35935,65539,24486,65540,65544,24488,65545,65549,24490,65550,68803,25726,68804,68808,25728,68809,68814,25730,68815,69946,26166,69946,69946,26166,69946
A*,Man,357.0,754026138,123456780,25,0,0,0,3,1,4,5,2,6,10,4,11,25,9,26,38,14,39,40,15,41,46,17,47,53,19,54,151,57,152,181,68,182,612,227,613,619,230,620,627,233,628,635,236,636,1941,732,1942,2360,885,2361,3501,1314,3502,3506,1316,3507,3511,1318,3512,5948,2223,5949,5956,2226,5957,5962,2229,5963,5972,2232,5973,5981,2235,5982,5989,2238,5990,5995,2240,5996
A*,Man-1,813.0,754026138,123456780,25,0,0,0,3,1,4,5,2,6,10,4,11,25,9,26,38,14,39,40,15,41,46,17,47,53,19,54,151,57,152,181,68,182,612,227,613,619,230,620,627,233,628,635,236,636,1941,732,1942,2360,885,2361,3501,1314,3502,3506,1316,3507,3511,1318,3512,5948,2223,5949,5956,2226,5957,5962,2229,5963,5972,2232,5973,5981,2235,5982,5989,2238,5990,9218,3466,9219
A*,Misplaced,20796.0,754026138,123456780,25,0,0,0,3,1,4,9,3,10,24,9,25,26,10,27,80,30,81,141,53,142,147,55,148,213,79,214,220,81,221,577,213,578,841,315,842,1452,539,1453,2247,835,2248,5635,2094,5636,14977,5592,14978,19942,7424,19943,36091,13470,36092,36100,13473,36101,36108,13476,36109,55060,20531,55061,62997,23509,62998,67048,25037,67049,67054,25039,67055,67060,25041,67061,67070,25045,67071,67070,25045,67071
A#,Man,59.0,754026138,123456780,25,0,0,0,3,1,4,5,2,6,10,4,11,25,9,26,38,14,39,40,15,41,46,17,47,53,19,54,151,57,152,181,68,182,612,227,613,619,230,620,627,233,628,635,236,636,1941,732,1942,2360,885,2361,3501,1314,3502,3506,1316,3507,3511,1318,3512,5948,2223,5949,5956,2226,5957,5962,2229,5963,5972,2232,5973,5981,2235,5982,5989,2237,5989,5989,2237,5989
A#,Man-1,156.0,754026138,123456780,25,0,0,0,3,1,4,5,2,6,10,4,11,25,9,26,38,14,39,40,15,41,46,17,47,53,19,54,151,57,152,181,68,182,612,227,613,619,230,620,627,233,628,635,236,636,1941,732,1942,2360,885,2361,3501,1314,3502,3506,1316,3507,3511,1318,3512,5948,2223,5949,5956,2226,5957,5962,2229,5963,5972,2232,5973,5981,2235,5982,9215,3464,9215,9215,3464,9215
A#,Misplaced,10522.0,754026138,123456780,25,0,0,0,3,1,4,9,3,10,24,9,25,26,10,27,80,30,81,141,53,142,147,55,148,213,79,214,220,81,221,577,213,578,841,315,842,1452,539,1453,2247,835,2248,5635,2094,5636,14977,5592,14978,19942,7424,19943,36091,13470,36092,36100,13473,36101,36108,13476,36109,55060,20531,55061,62997,23509,62998,67048,25037,67049,67054,25039,67055,67060,25041,67061,67070,25044,67070,67070,25044,67070
A*,Man,141.0,604158327,123456780,25,0,0,0,3,1,4,5,2,6,10,4,11,16,6,17,45,16,46,49,18,50,55,20,56,59,22,60,65,24,66,71,26,72,77,28,78,82,30,83,89,33,90,252,94,253,257,96,258,438,167,439,1657,622,1658,2394,890,2395,2409,895,2410,2421,901,2422,2430,904,2431,2436,907,2437,2443,910,2444,2453,913,2454,2465,917,2466,2475,921,2476
A*,Man-1,438.0,604158327,123456780,25,0,0,0,3,1,4,5,2,6,10,4,11,16,6,17,45,16,46,49,18,50,55,20,56,59,22,60,65,24,66,71,26,72,77,28,78,82,30,83,89,33,90,252,94,253,257,96,258,438,167,439,1657,622,1658,2394,890,2395,2409,895,2410,2421,901,2422,2430,904,2431,2436,907,2437,2443,910,2444,2453,913,2454,2465,917,2466,4596,1729,4597
A*,Misplaced,10759.0,604158327,123456780,25,0,0,0,3,1,4,17,6,18,31,11,32,60,22,61,77,29,78,152,56,153,334,122,335,348,128,349,955,359,956,1560,585,1561,1578,590,1579,2540,937,2541,4202,1563,4203,8191,3045,8192,8200,3048,8201,20155,7490,20156,34281,12796,34282,46672,17352,46673,46678,17354,46679,46686,17357,46687,54235,20223,54236,54249,20229,54250,54254,20231,54255,54266,20235,54267,59423,22127,59424,59423,22127,59424
A#,Man,9.0,604158327,123456780,25,0,0,0,3,1,4,5,2,6,10,4,11,16,6,17,45,16,46,49,18,50,55,20,56,59,22,60,65,24,66,71,26,72,77,28,78,82,30,83,89,33,90,252,94,253,257,96,258,438,167,439,1657,622,1658,2394,890,2395,2409,895,2410,2421,901,2422,2430,904,2431,2436,907,2437,2443,910,2444,2453,913,2454,2465,916,2465,2465,916,2465
A#,Man-1,36.0,604158327,123456780,25,0,0,0,3,1,4,5,2,6,10,4,11,16,6,17,45,16,46,49,18,50,55,20,56,59,22,60,65,24,66,71,26,72,77,28,78,82,30,83,89,33,90,252,94,253,257,96,258,438,167,439,1657,622,1658,2394,890,2395,2409,895,2410,2421,901,2422,2430,904,2431,2436,907,2437,2443,910,2444,2453,913,2454,4596,1728,4596,4596,1728,4596
A#,Misplaced,10026.0,604158327,123456780,25,0,0,0,3,1,4,17,6,18,31,11,32,60,22,61,77,29,78,152,56,153,334,122,335,348,128,349,955,359,956,1560,585,1561,1578,590,1579,2540,937,2541,4202,1563,4203,8191,3045,8192,8200,3048,8201,20155,7490,20156,34281,12796,34282,46672,17352,46673,46678,17354,46679,46686,17357,46687,54235,20223,54236,54249,20229,54250,54254,20231,54255,54266,20235,54267,59423,22126,59423,59423,22126,59423
A*,Man,312.0,208347615,123456780,25,0,0,0,3,1,4,102,38,103,187,69,188,487,183,488,493,185,494,1033,389,1034,1038,391,1039,1095,414,1096,1101,416,1102,3899,1475,3900,3907,1478,3908,3913,1481,3914,3924,1484,3925,3943,1490,3944,3961,1498,3962,3980,1505,3981,3989,1508,3990,4001,1512,4002,4014,1517,4015,4032,1524,4033,4046,1528,4047,4063,1534,4064,4074,1539,4075,4087,1543,4088,4097,1546,4098,4102,1548,4103
A*,Man-1,368.0,208347615,123456780,25,0,0,0,3,1,4,102,38,103,187,69,188,487,183,488,493,185,494,1033,389,1034,1038,391,1039,1095,414,1096,1101,416,1102,3899,1475,3900,3907,1478,3908,3913,1481,3914,3924,1484,3925,3943,1490,3944,3961,1498,3962,3980,1505,3981,3989,1508,3990,4001,1512,4002,4014,1517,4015,4032,1524,4033,4046,1528,4047,4063,1534,4064,4074,1539,4075,4087,1543,4088,4097,1546,4098,4573,1732,4574
A*,Misplaced,15830.0,208347615,123456780,25,0,0,0,3,1,4,14,5,15,37,13,38,65,25,66,102,38,103,201,74,202,400,148,401,572,215,573,577,217,578,990,371,991,1596,598,1597,2449,914,2450,3302,1234,3303,6750,2518,6751,6756,2520,6757,10838,4042,10839,18183,6781,18184,20911,7798,20912,50648,18918,50649,50655,18920,50656,58298,21769,58299,63143,23539,63144,63149,23541,63150,63156,23543,63157,65579,24447,65580,65579,24447,65580
A#,Man,27.0,208347615,123456780,25,0,0,0,3,1,4,102,38,103,187,69,188,487,183,488,493,185,494,1033,389,1034,1038,391,1039,1095,414,1096,1101,416,1102,3899,1475,3900,3907,1478,3908,3913,1481,3914,3924,1484,3925,3943,1490,3944,3961,1498,3962,3980,1505,3981,3989,1508,3990,4001,1512,4002,4014,1517,4015,4032,1524,4033,4046,1528,4047,4063,1534,4064,4074,1539,4075,4087,1543,4088,4097,1545,4097,4097,1545,4097
A#,Man-1,43.0,208347615,123456780,25,0,0,0,3,1,4,102,38,103,187,69,188,487,183,488,493,185,494,1033,389,1034,1038,391,1039,1095,414,1096,1101,416,1102,3899,1475,3900,3907,1478,3908,3913,1481,3914,3924,1484,3925,3943,1490,3944,3961,1498,3962,3980,1505,3981,3989,1508,3990,4001,1512,4002,4014,1517,4015,4032,1524,4033,4046,1528,4047,4063,1534,4064,4074,1539,4075,4087,1543,4088,4570,1730,4570,4570,1730,4570
A#,Misplaced,10943.0,208347615,123456780,25,0,0,0,3,1,4,14,5,15,37,13,38,65,25,66,102,38,103,201,74,202,400,148,401,572,215,573,577,217,578,990,371,991,1596,598,1597,2449,914,2450,3302,1234,3303,6750,2518,6751,6756,2520,6757,10838,4042,10839,18183,6781,18184,20911,7798,20912,50648,18918,50649,50655,18920,50656,58298,21769,58299,63143,23539,63144,63149,23541,63150,63156,23543,63157,65579,24446,65579,65579,24446,65579
A*,Man,168.0,547630128,123456780,25,0,0,0,3,1,4,9,3,10,15,5,16,28,11,29,34,13,35,36,14,37,39,15,40,43,16,44,49,18,50,169,65,170,374,142,375,1150,428,1151,1159,431,1160,2512,944,2513,2533,952,2534,2554,959,2555,2574,966,2575,2595,975,2596,2643,993,2644,2649,995,2650,2720,1021,2721,2844,1067,2845,2850,1069,2851,2858,1071,2859,3134,1172,3135,3138,1173,3139
A*,Man-1,512.0,547630128,123456780,25,0,0,0,3,1,4,9,3,10,15,5,16,28,11,29,34,13,35,36,14,37,39,15,40,43,16,44,49,18,50,169,65,170,374,142,375,1150,428,1151,1159,431,1160,2512,944,2513,2533,952,2534,2554,959,2555,2574,966,2575,2595,975,2596,2643,993,2644,2649,995,2650,2720,1021,2721,2844,1067,2845,2850,1069,2851,2858,1071,2859,3134,1172,3135,6579,2464,6580
A*,Misplaced,22668.0,547630128,123456780,25,0,0,0,3,1,4,9,3,10,14,5,15,46,18,47,91,33,92,125,46,126,131,48,132,138,50,139,301,111,302,503,188,504,871,323,872,1534,571,1535,2648,988,2649,3864,1443,3865,6555,2434,6556,10075,3746,10076,14674,5478,14675,29868,11127,29869,29880,11132,29881,43670,16261,43671,78771,29459,78772,78779,29462,78780,78787,29465,78788,78796,29468,78797,78805,29471,78806,78805,29471,78806
A#,Man,17.0,547630128,123456780,25,0,0,0,3,1,4,9,3,10,15,5,16,28,11,29,34,13,35,36,14,37,39,15,40,43,16,44,49,18,50,169,65,170,374,142,375,1150,428,1151,1159,431,1160,2512,944,2513,2533,952,2534,2554,959,2555,2574,966,2575,2595,975,2596,2643,993,2644,2649,995,2650,2720,1021,2721,2844,1067,2845,2850,1069,2851,2858,1071,2859,3134,1171,3134,3134,1171,3134
A#,Man-1,84.0,547630128,123456780,25,0,0,0,3,1,4,9,3,10,15,5,16,28,11,29,34,13,35,36,14,37,39,15,40,43,16,44,49,18,50,169,65,170,374,142,375,1150,428,1151,1159,431,1160,2512,944,2513,2533,952,2534,2554,959,2555,2574,966,2575,2595,975,2596,2643,993,2644,2649,995,2650,2720,1021,2721,2844,1067,2845,2850,1069,2851,2858,1071,2859,6579,2463,6579,6579,2463,6579
A#,Misplaced,16523.0,547630128,123456780,25,0,0,0,3,1,4,9,3,10,14,5,15,46,18,47,91,33,92,125,46,126,131,48,132,138,50,139,301,111,302,503,188,504,871,323,872,1534,571,1535,2648,988,2649,3864,1443,3865,6555,2434,6556,10075,3746,10076,14674,5478,14675,29868,11127,29869,29880,11132,29881,43670,16261,43671,78771,29459,78772,78779,29462,78780,78787,29465,78788,78796,29468,78797,78805,29470,78805,78805,29470,78805
A*,Man,204.0,302678514,123456780,25,0,0,0,3,1,4,5,2,6,10,4,11,17,6,18,43,16,44,100,37,101,105,39,106,111,41,112,572,214,573,576,216,577,581,218,582,786,296,787,2745,1029,2746,2749,1031,2750,2755,1033,2756,2762,1035,2763,3010,1125,3011,3014,1127,3015,3019,1129,3020,3026,1131,3027,3034,1134,3035,3464,1293,3465,3469,1295,3470,3476,1297,3477,4234,1582,4235,4238,1583,4239
A*,Man-1,629.0,302678514,123456780,25,0,0,0,3,1,4,5,2,6,10,4,11,17,6,18,43,16,44,100,37,101,105,39,106,111,41,112,572,214,573,576,216,577,581,218,582,786,296,787,2745,1029,2746,2749,1031,2750,2755,1033,2756,2762,1035,2763,3010,1125,3011,3014,1127,3015,3019,1129,3020,3026,1131,3027,3034,1134,3035,3464,1293,3465,3469,1295,3470,3476,1297,3477,4234,1582,4235,6822,2561,6823
A*,Misplaced,20236.0,302678514,123456780,25,0,0,0,3,1,4,9,3,10,26,9,27,48,17,49,95,36,96,187,69,188,363,134,364,368,136,369,781,295,782,1576,589,1577,2570,956,2571,3724,1385,3725,8127,3022,8128,13193,4912,13194,13199,4914,13200,21237,7916,21238,32913,12307,32914,32922,12311,32923,32933,12315,32934,32945,12319,32946,46306,17262,46307,55817,20838,55818,55823,20840,55824,55830,20842,55831,63133,23548,63134,63133,23548,63134
A#,Man,27.0,302678514,123456780,25,0,0,0,3,1,4,5,2,6,10,4,11,17,6,18,43,16,44,100,37,101,105,39,106,111,41,112,572,214,573,576,216,577,581,218,582,786,296,787,2745,1029,2746,2749,1031,2750,2755,1033,2756,2762,1035,2763,3010,1125,3011,3014,1127,3015,3019,1129,3020,3026,1131,3027,3034,1134,3035,3464,1293,3465,3469,1295,3470,3476,1297,3477,4234,1581,4234,4234,1581,4234
A#,Man-1,97.0,302678514,123456780,25,0,0,0,3,1,4,21,7,22,34,12,35,38,14,39,46,17,47,50,19,51,56,21,57,63,23,64,75,27,76,98,36,99,444,167,445,458,173,459,464,175,465,498,187,499,2032,764,2033,2040,767,2041,2051,772,2052,2059,775,2060,2067,778,2068,2075,781,2076,5690,2131,5691,5697,2133,5698,5706,2136,5707,5711,2138,5712,6819,2559,6819,6819,2559,6819
A#,Misplaced,12806.0,302678514,123456780,25,0,0,0,3,1,4,9,3,10,26,9,27,48,17,49,95,36,96,187,69,188,363,134,364,368,136,369,781,295,782,1576,589,1577,2570,956,2571,3724,1385,3725,8127,3022,8128,13193,4912,13194,13199,4914,13200,21237,7916,21238,32913,12307,32914,32922,12311,32923,32933,12315,32934,32945,12319,32946,46306,17262,46307,55817,20838,55818,55823,20840,55824,55830,20842,55831,63133,23547,63133,63133,23547,63133
A*,Man,544.0,706841253,123456780,25,0,0,0,3,1,4,7,2,8,22,8,23,26,10,27,250,95,251,269,102,270,321,122,322,323,123,324,326,124,327,427,159,428,433,161,434,915,342,916,2113,794,2114,2117,796,2118,2124,798,2125,6295,2355,6296,6300,2357,6301,6304,2359,6305,6310,2361,6311,6318,2363,6319,6327,2366,6328,6335,2369,6336,6341,2371,6342,6347,2373,6348,6354,2375,6355,6363,2378,6364
A*,Man-1,614.0,706841253,123456780,25,0,0,0,3,1,4,7,2,8,22,8,23,26,10,27,250,95,251,269,102,270,321,122,322,323,123,324,326,124,327,427,159,428,433,161,434,915,342,916,2113,794,2114,2117,796,2118,2124,798,2125,6295,2355,6296,6300,2357,6301,6304,2359,6305,6310,2361,6311,6318,2363,6319,6327,2366,6328,6335,2369,6336,6341,2371,6342,6347,2373,6348,6354,2375,6355,8277,3106,8278
A*,Misplaced,16667.0,706841253,123456780,25,0,0,0,3,1,4,7,2,8,25,9,26,64,24,65,126,48,127,142,54,143,164,63,165,278,103,279,526,195,527,530,197,531,2021,756,2022,3389,1273,3390,7437,2767,7438,11572,4322,11573,11580,4325,11581,11592,4329,11593,19085,7104,19086,35127,13150,35128,35134,13153,35135,35144,13156,35145,49094,18282,49095,58842,21983,58843,58849,21985,58850,64826,24199,64827,64832,24201,64833,64832,24201,64833
A#,Man,71.0,706841253,123456780,25,0,0,0,3,1,4,7,2,8,22,8,23,26,10,27,250,95,251,269,102,270,321,122,322,323,123,324,326,124,327,427,159,428,433,161,434,915,342,916,2113,794,2114,2117,796,2118,2124,798,2125,6295,2355,6296,6300,2357,6301,6304,2359,6305,6310,2361,6311,6318,2363,6319,6327,2366,6328,6335,2369,6336,6341,2371,6342,6347,2373,6348,6354,2374,6354,6354,2374,6354
A#,Man-1,116.0,706841253,123456780,25,0,0,0,3,1,4,7,2,8,22,8,23,26,10,27,250,95,251,269,102,270,321,122,322,323,123,324,326,124,327,427,159,428,433,161,434,915,342,916,2113,794,2114,2117,796,2118,2124,798,2125,6295,2355,6296,6300,2357,6301,6304,2359,6305,6310,2361,6311,6318,2363,6319,6327,2366,6328,6335,2369,6336,6341,2371,6342,6347,2373,6348,8277,3105,8277,8277,3105,8277
A#,Misplaced,11743.0,706841253,123456780,25,0,0,0,3,1,4,7,2,8,25,9,26,64,24,65,126,48,127,142,54,143,164,63,165,278,103,279,526,195,527,530,197,531,2021,756,2022,3389,1273,3390,7437,2767,7438,11572,4322,11573,11580,4325,11581,11592,4329,11593,19085,7104,19086,35127,13150,35128,35134,13153,35135,35144,13156,35145,49094,18282,49095,58842,21983,58843,58849,21985,58850,64826,24199,64827,64832,24200,64832,64832,24200,64832
A*,Man,413.0,246371805,123456780,25,0,0,0,3,1,4,14,5,15,53,20,54,59,22,60,247,91,248,259,95,260,264,97,265,782,291,783,787,293,788,2024,760,2025,2030,762,2031,5129,1922,5130,5146,1929,5147,5162,1935,5163,5179,1941,5180,5200,1949,5201,5215,1955,5216,5231,1961,5232,5248,1967,5249,5267,1973,5268,5279,1978,5280,5290,1982,5291,5303,1986,5304,5314,1990,5315,5324,1994,5325,5333,1997,5334
A*,Man-1,1033.0,246371805,123456780,25,0,0,0,3,1,4,14,5,15,53,20,54,59,22,60,247,91,248,259,95,260,264,97,265,782,291,783,787,293,788,2024,760,2025,2030,762,2031,5129,1922,5130,5146,1929,5147,5162,1935,5163,5179,1941,5180,5200,1949,5201,5215,1955,5216,5231,1961,5232,5248,1967,5249,5267,1973,5268,5279,1978,5280,5290,1982,5291,5303,1986,5304,5314,1990,5315,5324,1994,5325,11285,4237,11286
A*,Misplaced,23696.0,246371805,123456780,25,0,0,0,3,1,4,5,2,6,10,4,11,18,6,19,56,20,57,66,24,67,441,164,442,742,279,743,752,283,753,1144,427,1145,2567,964,2568,2571,966,2572,2577,968,2578,2585,970,2586,2593,973,2594,2598,975,2599,4129,1550,4130,12710,4770,12711,18680,6965,18681,18682,6966,18683,40345,15095,40346,61080,22841,61081,67768,25311,67769,70852,26500,70853,70857,26502,70858,70857,26502,70858
A#,Man,51.0,246371805,123456780,25,0,0,0,3,1,4,14,5,15,53,20,54,59,22,60,247,91,248,259,95,260,264,97,265,782,291,783,787,293,788,2024,760,2025,2030,762,2031,5129,1922,5130,5146,1929,5147,5162,1935,5163,5179,1941,5180,5200,1949,5201,5215,1955,5216,5231,1961,5232,5248,1967,5249,5267,1973,5268,5279,1978,5280,5290,1982,5291,5303,1986,5304,5314,1990,5315,5324,1993,5324,5324,1993,5324
A#,Man-1,279.0,246371805,123456780,25,0,0,0,3,1,4,14,5,15,53,20,54,59,22,60,247,91,248,259,95,260,264,97,265,782,291,783,787,293,788,2024,760,2025,2030,762,2031,5129,1922,5130,5146,1929,5147,5162,1935,5163,5179,1941,5180,5200,1949,5201,5215,1955,5216,5231,1961,5232,5248,1967,5249,5267,1973,5268,5279,1978,5280,5290,1982,5291,5303,1986,5304,5314,1990,5315,11282,4235,11282,11282,4235,11282
A#,Misplaced,12772.0,246371805,123456780,25,0,0,0,3,1,4,5,2,6,10,4,11,18,6,19,56,20,57,66,24,67,441,164,442,742,279,743,752,283,753,1144,427,1145,2567,964,2568,2571,966,2572,2577,968,2578,2585,970,2586,2593,973,2594,2598,975,2599,4129,1550,4130,12710,4770,12711,18680,6965,18681,18682,6966,18683,40345,15095,40346,61080,22841,61081,67768,25311,67769,70852,26500,70853,70857,26501,70857,70857,26501,70857
A*,Man,331.0,685043271,123456780,25,0,0,0,3,1,4,9,3,10,14,5,15,19,7,20,70,26,71,74,28,75,81,30,82,91,33,92,175,66,176,281,107,282,289,110,290,298,113,299,310,117,311,320,121,321,992,371,993,4697,1768,4698,5193,1958,5194,5197,1960,5198,5202,1962,5203,5210,1964,5211,5222,1968,5223,5228,1971,5229,5234,1973,5235,5240,1975,5241,5246,1977,5247,5248,1978,5249
A*,Man-1,340.0,685043271,123456780,25,0,0,0,3,1,4,9,3,10,14,5,15,19,7,20,70,26,71,74,28,75,81,30,82,91,33,92,175,66,176,281,107,282,289,110,290,298,113,299,310,117,311,320,121,321,992,371,993,4697,1768,4698,5193,1958,5194,5197,1960,5198,5202,1962,5203,5210,1964,5211,5222,1968,5223,5228,1971,5229,5234,1973,5235,5240,1975,5241,5246,1977,5247,5613,2118,5614
A*,Misplaced,22368.0,685043271,123456780,25,0,0,0,3,1,4,7,2,8,12,4,13,36,14,37,65,24,66,113,41,114,327,119,328,665,246,666,673,249,674,684,253,685,1877,696,1878,3242,1211,3243,5272,1964,5273,6428,2401,6429,9997,3721,9998,10009,3726,10010,25647,9550,25648,25652,9552,25653,25657,9554,25658,40443,15083,40444,76031,28405,76032,76035,28407,76036,76041,28409,76042,76048,28411,76049,76055,28414,76056,76055,28414,76056
A#,Man,45.0,685043271,123456780,25,0,0,0,3,1,4,9,3,10,14,5,15,19,7,20,70,26,71,74,28,75,81,30,82,91,33,92,175,66,176,281,107,282,289,110,290,298,113,299,310,117,311,320,121,321,992,371,993,4697,1768,4698,5193,1958,5194,5197,1960,5198,5202,1962,5203,5210,1964,5211,5222,1968,5223,5228,1971,5229,5234,1973,5235,5240,1975,5241,5246,1976,5246,5246,1976,5246
A#,Man-1,56.0,685043271,123456780,25,0,0,0,3,1,4,9,3,10,14,5,15,19,7,20,70,26,71,74,28,75,81,30,82,91,33,92,175,66,176,281,107,282,289,110,290,298,113,299,310,117,311,320,121,321,992,371,993,4697,1768,4698,5193,1958,5194,5197,1960,5198,5202,1962,5203,5210,1964,5211,5222,1968,5223,5228,1971,5229,5234,1973,5235,5240,1975,5241,5613,2117,5613,5613,2117,5613
A#,Misplaced,13495.0,685043271,123456780,25,0,0,0,3,1,4,7,2,8,12,4,13,36,14,37,65,24,66,113,41,114,327,119,328,665,246,666,673,249,674,684,253,685,1877,696,1878,3242,1211,3243,5272,1964,5273,6428,2401,6429,9997,3721,9998,10009,3726,10010,25647,9550,25648,25652,9552,25653,25657,9554,25658,40443,15083,40444,76031,28405,76032,76035,28407,76036,76041,28409,76042,76048,28411,76049,76055,28413,76055,76055,28413,76055
A*,Man,138.0,784032561,123456780,25,0,0,0,3,1,4,24,9,25,125,47,126,129,49,130,135,51,136,139,53,140,145,55,146,155,58,156,169,63,170,178,67,179,188,71,189,194,73,195,209,78,210,902,342,903,913,346,914,926,350,927,942,356,943,955,361,956,3490,1316,3491,3494,1318,3495,3499,1320,3500,3503,1322,3504,3510,1324,3511,3517,1326,3518,3522,1328,3523,3524,1329,3525
A*,Man-1,363.0,784032561,123456780,25,0,0,0,3,1,4,24,9,25,125,47,126,129,49,130,135,51,136,139,53,140,145,55,146,155,58,156,169,63,170,178,67,179,188,71,189,194,73,195,209,78,210,902,342,903,913,346,914,926,350,927,942,356,943,955,361,956,3490,1316,3491,3494,1318,3495,3499,1320,3500,3503,1322,3504,3510,1324,3511,3517,1326,3518,3522,1328,3523,4612,1747,4613
A*,Misplaced,12831.0,784032561,123456780,25,0,0,0,3,1,4,9,3,10,30,11,31,42,17,43,92,34,93,106,39,107,376,140,377,384,142,385,555,207,556,684,257,685,1251,465,1252,2122,787,2123,3446,1291,3447,7134,2659,7135,7140,2661,7141,11458,4273,11459,18955,7064,18956,18957,7065,18958,45383,16913,45384,53579,20014,53580,59653,22249,59654,59659,22252,59660,59665,22254,59666,59683,22261,59684,62951,23478,62952,62951,23478,62952
A#,Man,31.0,784032561,123456780,25,0,0,0,3,1,4,24,9,25,125,47,126,129,49,130,135,51,136,139,53,140,145,55,146,155,58,156,169,63,170,178,67,179,188,71,189,194,73,195,209,78,210,902,342,903,913,346,914,926,350,927,942,356,943,955,361,956,3490,1316,3491,3494,1318,3495,3499,1320,3500,3503,1322,3504,3510,1324,3511,3517,1326,3518,3522,1327,3522,3522,1327,3522
A#,Man-1,41.0,784032561,123456780,25,0,0,0,3,1,4,24,9,25,125,47,126,129,49,130,135,51,136,139,53,140,145,55,146,155,58,156,169,63,170,178,67,179,188,71,189,194,73,195,209,78,210,902,342,903,913,346,914,926,350,927,942,356,943,955,361,956,3490,1316,3491,3494,1318,3495,3499,1320,3500,3503,1322,3504,3510,1324,3511,3517,1326,3518,4612,1746,4612,4612,1746,4612
A#,Misplaced,9055.0,784032561,123456780,25,0,0,0,3,1,4,9,3,10,30,11,31,42,17,43,92,34,93,106,39,107,376,140,377,384,142,385,555,207,556,684,257,685,1251,465,1252,2122,787,2123,3446,1291,3447,7134,2659,7135,7140,2661,7141,11458,4273,11459,18955,7064,18956,18957,7065,18958,45383,16913,45384,53579,20014,53580,59653,22249,59654,59659,22252,59660,59665,22254,59666,59683,22261,59684,62951,23477,62951,62951,23477,62951
A*,Man,430.0,865043172,123456780,25,0,0,0,3,1,4,5,2,6,73,28,74,225,84,226,408,152,409,422,158,423,433,162,434,443,165,444,452,168,453,463,172,464,483,180,484,493,184,494,1306,485,1307,1317,489,1318,1326,493,1327,1334,495,1335,1343,498,1344,1347,500,1348,3388,1273,3389,6287,2351,6288,6298,2355,6299,6309,2360,6310,6320,2364,6321,6335,2368,6336,6348,2373,6349,6357,2376,6358
A*,Man-1,719.0,865043172,123456780,25,0,0,0,3,1,4,5,2,6,73,28,74,225,84,226,408,152,409,422,158,423,433,162,434,443,165,444,452,168,453,463,172,464,483,180,484,493,184,494,1306,485,1307,1317,489,1318,1326,493,1327,1334,495,1335,1343,498,1344,1347,500,1348,3388,1273,3389,6287,2351,6288,6298,2355,6299,6309,2360,6310,6320,2364,6321,6335,2368,6336,6348,2373,6349,9645,3610,9646
A*,Misplaced,21927.0,865043172,123456780,25,0,0,0,3,1,4,9,3,10,32,12,33,68,25,69,120,44,121,202,74,203,208,76,209,299,110,300,371,138,372,729,269,730,740,273,741,752,277,753,1256,462,1257,1666,617,1667,2669,999,2670,4146,1537,4147,6055,2258,6056,6060,2260,6061,21288,7913,21289,38936,14535,38937,58577,21862,58578,66475,24812,66476,66481,24814,66482,70005,26143,70006,70065,26168,70066,70065,26168,70066
A#,Man,91.0,865043172,123456780,25,0,0,0,3,1,4,5,2,6,73,28,74,225,84,226,408,152,409,422,158,423,433,162,434,443,165,444,452,168,453,463,172,464,483,180,484,493,184,494,1306,485,1307,1317,489,1318,1326,493,1327,1334,495,1335,1343,498,1344,1347,500,1348,3388,1273,3389,6287,2351,6288,6298,2355,6299,6309,2360,6310,6320,2364,6321,6335,2368,6336,6348,2372,6348,6348,2372,6348
A#,Man-1,237.0,865043172,123456780,25,0,0,0,3,1,4,5,2,6,73,28,74,225,84,226,408,152,409,422,158,423,433,162,434,443,165,444,452,168,453,463,172,464,483,180,484,493,184,494,1306,485,1307,1317,489,1318,1326,493,1327,1334,495,1335,1343,498,1344,1347,500,1348,3388,1273,3389,6287,2351,6288,6298,2355,6299,6309,2360,6310,6320,2364,6321,6335,2368,6336,9645,3609,9645,9645,3609,9645
A#,Misplaced,14650.0,865043172,123456780,25,0,0,0,3,1,4,9,3,10,32,12,33,68,25,69,120,44,121,202,74,203,208,76,209,299,110,300,371,138,372,729,269,730,740,273,741,752,277,753,1256,462,1257,1666,617,1667,2669,999,2670,4146,1537,4147,6055,2258,6056,6060,2260,6061,21288,7913,21289,38936,14535,38937,58577,21862,58578,66475,24812,66476,66481,24814,66482,70005,26143,70006,70065,26167,70065,70065,26167,70065
A*,Man,412.0,672450318,123456780,25,0,0,0,3,1,4,9,3,10,51,19,52,56,21,57,64,24,65,227,84,228,507,189,508,556,208,557,632,237,633,637,239,638,650,243,651,663,247,664,675,252,676,997,367,998,1004,369,1005,1008,371,1009,1014,373,1015,2170,811,2171,2181,815,2182,5252,1968,5253,5258,1970,5259,5262,1972,5263,5268,1974,5269,5275,1976,5276,5280,1978,5281,5283,1979,5284
A*,Man-1,348.0,672450318,123456780,25,0,0,0,3,1,4,9,3,10,51,19,52,56,21,57,64,24,65,227,84,228,507,189,508,556,208,557,632,237,633,637,239,638,650,243,651,663,247,664,675,252,676,997,367,998,1004,369,1005,1008,371,1009,1014,373,1015,2170,811,2171,2181,815,2182,5252,1968,5253,5258,1970,5259,5262,1972,5263,5268,1974,5269,5275,1976,5276,5280,1978,5281,6364,2404,6365
A*,Misplaced,14291.0,672450318,123456780,25,0,0,0,3,1,4,17,6,18,46,17,47,89,33,90,97,36,98,249,91,250,470,177,471,720,270,721,1180,441,1181,1307,491,1308,2096,783,2097,5180,1933,5181,5187,1935,5188,6025,2251,6026,13606,5096,13607,21742,8124,21743,21747,8126,21748,21751,8128,21752,21757,8130,21758,35482,13287,35483,55094,20610,55095,55109,20616,55110,55114,20618,55115,59450,22192,59451,59472,22201,59473,59472,22201,59473
A#,Man,45.0,672450318,123456780,25,0,0,0,3,1,4,9,3,10,51,19,52,56,21,57,64,24,65,227,84,228,507,189,508,556,208,557,632,237,633,637,239,638,650,243,651,663,247,664,675,252,676,997,367,998,1004,369,1005,1008,371,1009,1014,373,1015,2170,811,2171,2181,815,2182,5252,1968,5253,5258,1970,5259,5262,1972,5263,5268,1974,5269,5275,1976,5276,5280,1977,5280,5280,1977,5280
A#,Man-1,65.0,672450318,123456780,25,0,0,0,3,1,4,9,3,10,51,19,52,56,21,57,64,24,65,227,84,228,507,189,508,556,208,557,632,237,633,637,239,638,650,243,651,663,247,664,675,252,676,997,367,998,1004,369,1005,1008,371,1009,1014,373,1015,2170,811,2171,2181,815,2182,5252,1968,5253,5258,1970,5259,5262,1972,5263,5268,1974,5269,5275,1976,5276,6364,2403,6364,6364,2403,6364
A#,Misplaced,11192.0,672450318,123456780,25,0,0,0,3,1,4,17,6,18,46,17,47,89,33,90,97,36,98,249,91,250,470,177,471,720,270,721,1180,441,1181,1307,491,1308,2096,783,2097,5180,1933,5181,5187,1935,5188,6025,2251,6026,13606,5096,13607,21742,8124,21743,21747,8126,21748,21751,8128,21752,21757,8130,21758,35482,13287,35483,55094,20610,55095,55109,20616,55110,55114,20618,55115,59450,22192,59451,59472,22200,59472,59472,22200,59472
A*,Man,455.0,304578126,123456780,25,0,0,0,3,1,4,21,7,22,27,9,28,31,11,32,106,39,107,175,66,176,180,68,181,190,72,191,368,139,369,425,159,426,1501,562,1502,1512,566,1513,1525,571,1526,1536,575,1537,1546,579,1547,4247,1585,4248,6430,2413,6431,6435,2415,6436,6442,2417,6443,6449,2419,6450,6459,2423,6460,6463,2425,6464,6469,2427,6470,6475,2429,6476,6481,2431,6482,6483,2432,6484
A*,Man-1,595.0,304578126,123456780,25,0,0,0,3,1,4,21,7,22,27,9,28,31,11,32,106,39,107,175,66,176,180,68,181,190,72,191,368,139,369,425,159,426,1501,562,1502,1512,566,1513,1525,571,1526,1536,575,1537,1546,579,1547,4247,1585,4248,6430,2413,6431,6435,2415,6436,6442,2417,6443,6449,2419,6450,6459,2423,6460,6463,2425,6464,6469,2427,6470,6475,2429,6476,6481,2431,6482,7453,2801,7454
A*,Misplaced,23550.0,304578126,123456780,25,0,0,0,3,1,4,7,2,8,29,11,30,31,12,32,42,16,43,63,23,64,90,33,91,144,54,145,456,169,457,689,255,690,2362,879,2363,4631,1720,4632,5686,2110,5687,7969,2955,7970,7975,2957,7976,21152,7873,21153,24173,8995,24174,39670,14749,39671,39676,14751,39677,39682,14753,39683,62470,23282,62471,66210,24700,66211,67646,25243,67647,68246,25461,68247,68463,25543,68464,68463,25543,68464
A#,Man,65.0,304578126,123456780,25,0,0,0,3,1,4,21,7,22,27,9,28,31,11,32,106,39,107,175,66,176,180,68,181,190,72,191,368,139,369,425,159,426,1501,562,1502,1512,566,1513,1525,571,1526,1536,575,1537,1546,579,1547,4247,1585,4248,6430,2413,6431,6435,2415,6436,6442,2417,6443,6449,2419,6450,6459,2423,6460,6463,2425,6464,6469,2427,6470,6475,2429,6476,6481,2430,6481,6481,2430,6481
A#,Man-1,103.0,304578126,123456780,25,0,0,0,3,1,4,21,7,22,27,9,28,31,11,32,106,39,107,175,66,176,180,68,181,190,72,191,368,139,369,425,159,426,1501,562,1502,1512,566,1513,1525,571,1526,1536,575,1537,1546,579,1547,4247,1585,4248,6430,2413,6431,6435,2415,6436,6442,2417,6443,6449,2419,6450,6459,2423,6460,6463,2425,6464,6469,2427,6470,6475,2429,6476,7453,2800,7453,7453,2800,7453
A#,Misplaced,13642.0,304578126,123456780,25,0,0,0,3,1,4,7,2,8,29,11,30,31,12,32,42,16,43,63,23,64,90,33,91,144,54,145,456,169,457,689,255,690,2362,879,2363,4631,1720,4632,5686,2110,5687,7969,2955,7970,7975,2957,7976,21152,7873,21153,24173,8995,24174,39670,14749,39671,39676,14751,39677,39682,14753,39683,62470,23282,62471,66210,24700,66211,67646,25243,67647,68246,25461,68247,68463,25542,68463,68463,25542,68463
A*,Man,402.0,706814523,123456780,25,0,0,0,3,1,4,7,2,8,10,3,11,20,7,21,25,9,26,29,11,30,34,13,35,41,15,42,44,16,45,141,53,142,428,160,429,435,163,436,1425,534,1426,1438,539,1439,1983,735,1984,1988,737,1989,5065,1884,5066,5077,1888,5078,5094,1895,5095,5104,1899,5105,5113,1902,5114,5123,1905,5124,5131,1908,5132,5138,1911,5139,5145,1914,5146,5150,1916,5151
A*,Man-1,833.0,706814523,123456780,25,0,0,0,3,1,4,7,2,8,10,3,11,20,7,21,25,9,26,29,11,30,34,13,35,41,15,42,44,16,45,141,53,142,428,160,429,435,163,436,1425,534,1426,1438,539,1439,1983,735,1984,1988,737,1989,5065,1884,5066,5077,1888,5078,5094,1895,5095,5104,1899,5105,5113,1902,5114,5123,1905,5124,5131,1908,5132,5138,1911,5139,5145,1914,5146,9234,3466,9235
A*,Misplaced,17209.0,706814523,123456780,25,0,0,0,3,1,4,7,2,8,30,11,31,49,18,50,113,42,114,233,86,234,240,89,241,244,90,245,436,162,437,442,165,443,917,344,918,2010,750,2011,5338,1984,5339,5343,1986,5344,11588,4318,11589,16873,6285,16874,33798,12633,33799,33807,12637,33808,33818,12641,33819,33828,12645,33829,57140,21327,57141,57145,21329,57146,57151,21331,57152,64575,24081,64576,64580,24083,64581,64580,24083,64581
A#,Man,47.0,706814523,123456780,25,0,0,0,3,1,4,7,2,8,10,3,11,20,7,21,25,9,26,29,11,30,34,13,35,41,15,42,44,16,45,141,53,142,428,160,429,435,163,436,1425,534,1426,1438,539,1439,1983,735,1984,1988,737,1989,5065,1884,5066,5077,1888,5078,5094,1895,5095,5104,1899,5105,5113,1902,5114,5123,1905,5124,5131,1908,5132,5138,1911,5139,5145,1913,5145,5145,1913,5145
A#,Man-1,178.0,706814523,123456780,25,0,0,0,3,1,4,7,2,8,10,3,11,20,7,21,25,9,26,29,11,30,34,13,35,41,15,42,44,16,45,141,53,142,428,160,429,435,163,436,1425,534,1426,1438,539,1439,1983,735,1984,1988,737,1989,5065,1884,5066,5077,1888,5078,5094,1895,5095,5104,1899,5105,5113,1902,5114,5123,1905,5124,5131,1908,5132,5138,1911,5139,9231,3464,9231,9231,3464,9231
A#,Misplaced,10549.0,706814523,123456780,25,0,0,0,3,1,4,7,2,8,30,11,31,49,18,50,113,42,114,233,86,234,240,89,241,244,90,245,436,162,437,442,165,443,917,344,918,2010,750,2011,5338,1984,5339,5343,1986,5344,11588,4318,11589,16873,6285,16874,33798,12633,33799,33807,12637,33808,33818,12641,33819,33828,12645,33829,57140,21327,57141,57145,21329,57146,57151,21331,57152,64575,24081,64576,64580,24082,64580,64580,24082,64580
A*,Man,584.0,546817203,123456780,25,0,0,0,3,1,4,5,2,6,8,3,9,10,4,11,17,6,18,36,13,37,47,17,48,52,19,53,164,61,165,176,65,177,482,178,483,489,180,490,1548,580,1549,1553,582,1554,4284,1600,4285,4288,1602,4289,4294,1604,4295,7220,2713,7221,7226,2715,7227,7232,2717,7233,7241,2720,7242,7251,2724,7252,7260,2727,7261,7268,2730,7269,7274,2732,7275,7276,2733,7277
A*,Man-1,674.0,546817203,123456780,25,0,0,0,3,1,4,5,2,6,8,3,9,10,4,11,17,6,18,36,13,37,47,17,48,52,19,53,164,61,165,176,65,177,482,178,483,489,180,490,1548,580,1549,1553,582,1554,4284,1600,4285,4288,1602,4289,4294,1604,4295,7220,2713,7221,7226,2715,7227,7232,2717,7233,7241,2720,7242,7251,2724,7252,7260,2727,7261,7268,2730,7269,7274,2732,7275,8244,3101,8245
A*,Misplaced,18472.0,546817203,123456780,25,0,0,0,3,1,4,11,4,12,17,6,18,54,20,55,59,22,60,210,78,211,398,149,399,404,152,405,769,287,770,1023,378,1024,1689,631,1690,2754,1029,2755,4592,1709,4593,4597,1711,4598,17194,6419,17195,28238,10524,28239,30074,11220,30075,31111,11611,31112,31116,11613,31117,46667,17402,46668,57694,21573,57695,65093,24340,65094,65099,24342,65100,65467,24480,65468,68811,25743,68812,68811,25743,68812
A#,Man,90.0,546817203,123456780,25,0,0,0,3,1,4,5,2,6,8,3,9,10,4,11,17,6,18,36,13,37,47,17,48,52,19,53,164,61,165,176,65,177,482,178,483,489,180,490,1548,580,1549,1553,582,1554,4284,1600,4285,4288,1602,4289,4294,1604,4295,7220,2713,7221,7226,2715,7227,7232,2717,7233,7241,2720,7242,7251,2724,7252,7260,2727,7261,7268,2730,7269,7274,2731,7274,7274,2731,7274
A#,Man-1,127.0,546817203,123456780,25,0,0,0,3,1,4,5,2,6,8,3,9,10,4,11,17,6,18,36,13,37,47,17,48,52,19,53,164,61,165,176,65,177,482,178,483,489,180,490,1548,580,1549,1553,582,1554,4284,1600,4285,4288,1602,4289,4294,1604,4295,7220,2713,7221,7226,2715,7227,7232,2717,7233,7241,2720,7242,7251,2724,7252,7260,2727,7261,7268,2730,7269,8244,3100,8244,8244,3100,8244
A#,Misplaced,15639.0,546817203,123456780,25,0,0,0,3,1,4,11,4,12,17,6,18,54,20,55,59,22,60,210,78,211,398,149,399,404,152,405,769,287,770,1023,378,1024,1689,631,1690,2754,1029,2755,4592,1709,4593,4597,1711,4598,17194,6419,17195,28238,10524,28239,30074,11220,30075,31111,11611,31112,31116,11613,31117,46667,17402,46668,57694,21573,57695,65093,24340,65094,65099,24342,65100,65467,24480,65468,68811,25742,68811,68811,25742,68811
A*,Man,438.0,382065714,123456780,25,0,0,0,3,1,4,11,4,12,17,6,18,21,8,22,57,22,58,70,26,71,106,40,107,112,42,113,118,44,119,364,136,365,371,138,372,381,142,382,574,215,575,1103,414,1104,6217,2336,6218,6222,2338,6223,6227,2340,6228,6233,2342,6234,6239,2344,6240,6243,2346,6244,6249,2348,6250,6253,2350,6254,6260,2352,6261,6267,2354,6268,6272,2356,6273,6274,2357,6275
A*,Man-1,719.0,382065714,123456780,25,0,0,0,3,1,4,11,4,12,17,6,18,21,8,22,57,22,58,70,26,71,106,40,107,112,42,113,118,44,119,364,136,365,371,138,372,381,142,382,574,215,575,1103,414,1104,6217,2336,6218,6222,2338,6223,6227,2340,6228,6233,2342,6234,6239,2344,6240,6243,2346,6244,6249,2348,6250,6253,2350,6254,6260,2352,6261,6267,2354,6268,6272,2356,6273,8485,3193,8486
A*,Misplaced,22500.0,382065714,123456780,25,0,0,0,3,1,4,33,13,34,46,17,47,50,19,51,159,57,160,166,59,167,313,117,314,484,182,485,850,317,851,1204,443,1205,1545,570,1546,1550,572,1551,3861,1443,3862,6517,2422,6518,18374,6842,18375,29305,10901,29306,29312,10903,29313,30267,11270,30268,30273,11272,30274,30670,11425,30671,69356,25872,69357,69371,25878,69372,69386,25884,69387,69405,25890,69406,69420,25896,69421,69420,25896,69421
A#,Man,65.0,382065714,123456780,25,0,0,0,3,1,4,11,4,12,17,6,18,21,8,22,57,22,58,70,26,71,106,40,107,112,42,113,118,44,119,364,136,365,371,138,372,381,142,382,574,215,575,1103,414,1104,6217,2336,6218,6222,2338,6223,6227,2340,6228,6233,2342,6234,6239,2344,6240,6243,2346,6244,6249,2348,6250,6253,2350,6254,6260,2352,6261,6267,2354,6268,6272,2355,6272,6272,2355,6272
A#,Man-1,141.0,382065714,123456780,25,0,0,0,3,1,4,11,4,12,17,6,18,21,8,22,57,22,58,70,26,71,106,40,107,112,42,113,118,44,119,364,136,365,371,138,372,381,142,382,574,215,575,1103,414,1104,6217,2336,6218,6222,2338,6223,6227,2340,6228,6233,2342,6234,6239,2344,6240,6243,2346,6244,6249,2348,6250,6253,2350,6254,6260,2352,6261,6267,2354,6268,8485,3192,8485,8485,3192,8485
A#,Misplaced,12648.0,382065714,123456780,25,0,0,0,3,1,4,33,13,34,46,17,47,50,19,51,159,57,160,166,59,167,313,117,314,484,182,485,850,317,851,1204,443,1205,1545,570,1546,1550,572,1551,3861,1443,3862,6517,2422,6518,18374,6842,18375,29305,10901,29306,29312,10903,29313,30267,11270,30268,30273,11272,30274,30670,11425,30671,69356,25872,69357,69371,25878,69372,69386,25884,69387,69405,25890,69406,69420,25895,69420,69420,25895,69420
